Date,Adj Close
2010-01-04,33750
2010-01-05,33900
2010-01-06,34250
2010-01-07,34600
2010-01-08,34450
2010-01-11,34800
2010-01-12,34100
2010-01-13,34600
2010-01-14,35550
2010-01-15,37500
2010-01-18,37450
2010-01-19,37850
2010-01-20,36700
2010-01-21,37500
2010-01-22,35500
2010-01-25,34650
2010-01-26,34750
2010-01-27,35350
2010-01-28,35500
2010-01-29,34550
2010-02-01,34500
2010-02-02,34200
2010-02-03,34850
2010-02-04,36100
2010-02-05,35850
2010-02-08,35750
2010-02-09,35800
2010-02-10,35800
2010-02-11,37400
2010-02-12,37100
2010-02-16,37200
2010-02-17,38050
2010-02-18,38200
2010-02-19,37000
2010-02-22,37700
2010-02-23,37600
2010-02-24,37050
2010-02-25,37000
2010-02-26,38200
2010-03-02,38000
2010-03-03,37650
2010-03-04,37250
2010-03-05,37600
2010-03-08,38400
2010-03-09,38750
2010-03-10,39650
2010-03-11,39400
2010-03-12,39950
2010-03-15,39650
2010-03-16,39100
2010-03-17,39900
2010-03-18,40400
2010-03-19,40600
2010-03-22,39900
2010-03-23,39050
2010-03-24,39300
2010-03-25,38600
2010-03-26,38700
2010-03-29,38100
2010-03-30,39650
2010-03-31,40100
2010-04-01,40200
2010-04-02,40300
2010-04-05,39300
2010-04-06,38900
2010-04-07,40500
2010-04-08,41200
2010-04-09,41200
2010-04-12,42450
2010-04-13,41800
2010-04-14,41800
2010-04-15,41350
2010-04-16,41150
2010-04-19,39650
2010-04-20,39000
2010-04-21,39800
2010-04-22,39350
2010-04-23,38800
2010-04-26,39850
2010-04-27,39050
2010-04-28,37800
2010-04-29,38600
2010-04-30,38850
2010-05-03,39050
2010-05-04,38600
2010-05-06,37500
2010-05-07,36950
2010-05-10,36900
2010-05-11,36400
2010-05-12,35500
2010-05-13,36500
2010-05-14,35850
2010-05-17,35050
2010-05-18,35500
2010-05-19,35900
2010-05-20,34850
2010-05-24,35100
2010-05-25,33900
2010-05-26,32800
2010-05-27,34150
2010-05-28,35300
2010-05-31,35800
2010-06-01,35650
2010-06-03,36250
2010-06-04,35200
2010-06-07,34350
2010-06-08,34750
2010-06-09,35650
2010-06-10,35800
2010-06-11,36100
2010-06-14,36200
2010-06-15,36500
2010-06-16,36400
2010-06-17,35900
2010-06-18,36400
2010-06-21,37500
2010-06-22,38600
2010-06-23,39450
2010-06-24,39400
2010-06-25,39000
2010-06-28,39000
2010-06-29,38100
2010-06-30,38400
2010-07-01,38400
2010-07-02,39500
2010-07-05,38650
2010-07-06,39100
2010-07-07,38800
2010-07-08,40000
2010-07-09,40000
2010-07-12,40200
2010-07-13,41250
2010-07-14,41550
2010-07-15,41550
2010-07-16,40850
2010-07-19,41600
2010-07-20,42050
2010-07-21,42200
2010-07-22,41550
2010-07-23,42900
2010-07-26,42550
2010-07-27,41600
2010-07-28,41550
2010-07-29,42200
2010-07-30,41450
2010-08-02,42450
2010-08-03,44800
2010-08-04,48000
2010-08-05,47250
2010-08-06,46950
2010-08-09,47100
2010-08-10,47850
2010-08-11,47900
2010-08-12,44500
2010-08-13,46500
2010-08-16,46600
2010-08-17,48050
2010-08-18,48600
2010-08-19,48650
2010-08-20,47000
2010-08-23,47200
2010-08-24,45750
2010-08-25,44600
2010-08-26,44300
2010-08-27,46900
2010-08-30,47800
2010-08-31,49200
2010-09-01,51500
2010-09-02,52400
2010-09-03,50900
2010-09-06,51000
2010-09-07,51000
2010-09-08,50800
2010-09-09,51300
2010-09-10,54700
2010-09-13,55600
2010-09-14,55700
2010-09-15,54700
2010-09-16,54400
2010-09-17,54700
2010-09-20,56500
2010-09-24,55900
2010-09-27,56500
2010-09-28,57900
2010-09-29,56200
2010-09-30,55200
2010-10-01,55000
2010-10-04,57200
2010-10-05,55000
2010-10-06,57900
2010-10-07,58300
2010-10-08,58300
2010-10-11,56700
2010-10-12,56000
2010-10-13,55800
2010-10-14,58000
2010-10-15,58400
2010-10-18,57000
2010-10-19,54900
2010-10-20,54200
2010-10-21,55300
2010-10-22,57200
2010-10-25,57700
2010-10-26,59500
2010-10-27,59100
2010-10-28,60300
2010-10-29,59000
2010-11-01,60900
2010-11-02,64200
2010-11-03,66200
2010-11-04,65900
2010-11-05,65300
2010-11-08,65000
2010-11-09,67100
2010-11-10,69900
2010-11-11,67900
2010-11-12,65700
2010-11-15,64700
2010-11-16,65900
2010-11-17,67100
2010-11-18,67600
2010-11-19,66200
2010-11-22,63600
2010-11-23,64300
2010-11-24,62700
2010-11-25,63200
2010-11-26,62300
2010-11-29,61000
2010-11-30,62900
2010-12-01,67500
2010-12-02,66900
2010-12-03,67700
2010-12-06,67100
2010-12-07,66500
2010-12-08,65400
2010-12-09,66100
2010-12-10,65300
2010-12-13,64600
2010-12-14,64300
2010-12-15,67700
2010-12-16,66000
2010-12-17,66800
2010-12-20,67900
2010-12-21,70700
2010-12-22,69400
2010-12-23,70000
2010-12-24,70200
2010-12-27,68800
2010-12-28,68600
2010-12-29,69800
2010-12-30,65200
2011-01-03,65800
2011-01-04,66700
2011-01-05,65500
2011-01-06,65000
2011-01-07,65200
2011-01-10,67400
2011-01-11,67900
2011-01-12,71200
2011-01-13,71100
2011-01-14,69600
2011-01-17,71200
2011-01-18,73100
2011-01-19,74000
2011-01-20,75100
2011-01-21,74200
2011-01-24,77500
2011-01-25,77800
2011-01-26,77500
2011-01-27,81700
2011-01-28,83300
2011-01-31,83300
2011-02-01,78800
2011-02-07,77000
2011-02-08,77900
2011-02-09,77000
2011-02-10,75400
2011-02-11,76200
2011-02-14,75700
2011-02-15,78300
2011-02-16,76400
2011-02-17,74100
2011-02-18,75800
2011-02-21,78500
2011-02-22,76500
2011-02-23,76400
2011-02-24,71900
2011-02-25,72900
2011-02-28,69500
2011-03-02,68400
2011-03-03,71800
2011-03-04,73300
2011-03-07,74000
2011-03-08,76000
2011-03-09,77400
2011-03-10,79000
2011-03-11,77000
2011-03-14,83400
2011-03-15,82700
2011-03-16,80700
2011-03-17,82600
2011-03-18,84000
2011-03-21,86000
2011-03-22,93000
2011-03-23,91500
2011-03-24,93400
2011-03-25,91100
2011-03-28,92700
2011-03-29,97000
2011-03-30,94600
2011-03-31,93400
2011-04-01,95000
2011-04-04,87900
2011-04-05,89800
2011-04-06,93400
2011-04-07,94700
2011-04-08,94700
2011-04-11,94000
2011-04-12,92000
2011-04-13,91000
2011-04-14,91300
2011-04-15,89900
2011-04-18,96800
2011-04-19,95800
2011-04-20,96400
2011-04-21,103000
2011-04-22,100500
2011-04-25,101000
2011-04-26,98500
2011-04-27,94300
2011-04-28,97100
2011-04-29,89500
2011-05-02,88300
2011-05-03,85800
2011-05-04,87800
2011-05-06,81400
2011-05-09,85300
2011-05-11,87000
2011-05-12,83100
2011-05-13,81500
2011-05-16,83600
2011-05-17,84700
2011-05-18,89200
2011-05-19,86600
2011-05-20,89000
2011-05-23,85100
2011-05-24,86000
2011-05-25,85400
2011-05-26,90300
2011-05-27,91100
2011-05-30,90500
2011-05-31,93000
2011-06-01,93600
2011-06-02,91100
2011-06-03,87900
2011-06-07,82500
2011-06-08,84600
2011-06-09,84600
2011-06-10,84700
2011-06-13,84400
2011-06-14,86100
2011-06-15,88500
2011-06-16,85800
2011-06-17,85800
2011-06-20,81900
2011-06-21,79800
2011-06-22,80700
2011-06-23,77700
2011-06-24,75200
2011-06-27,75000
2011-06-28,75700
2011-06-29,79400
2011-06-30,78100
2011-07-01,80400
2011-07-04,80300
2011-07-05,81400
2011-07-06,83400
2011-07-07,85900
2011-07-08,90000
2011-07-11,88200
2011-07-12,88200
2011-07-13,91200
2011-07-14,92400
2011-07-15,92300
2011-07-18,91100
2011-07-19,88200
2011-07-20,88500
2011-07-21,89300
2011-07-22,93100
2011-07-25,91300
2011-07-26,94500
2011-07-27,94700
2011-07-28,93900
2011-07-29,90600
2011-08-01,92200
2011-08-02,91800
2011-08-03,91300
2011-08-04,83600
2011-08-05,77500
2011-08-08,75100
2011-08-09,72900
2011-08-10,68800
2011-08-11,69300
2011-08-12,67900
2011-08-16,73800
2011-08-17,74800
2011-08-18,73600
2011-08-19,65900
2011-08-22,61200
2011-08-23,66000
2011-08-24,65600
2011-08-25,66600
2011-08-26,67700
2011-08-29,70200
2011-08-30,69500
2011-08-31,72200
2011-09-01,71700
2011-09-02,70000
2011-09-05,63400
2011-09-06,61800
2011-09-07,65100
2011-09-08,65300
2011-09-09,65400
2011-09-14,62600
2011-09-15,65400
2011-09-16,68700
2011-09-19,67700
2011-09-20,67800
2011-09-21,70900
2011-09-22,66000
2011-09-23,60600
2011-09-26,53500
2011-09-27,57600
2011-09-28,55400
2011-09-29,56400
2011-09-30,57500
2011-10-04,51700
2011-10-05,48950
2011-10-06,52700
2011-10-07,55300
2011-10-10,56000
2011-10-11,58200
2011-10-12,60000
2011-10-13,60500
2011-10-14,59500
2011-10-17,62700
2011-10-18,61300
2011-10-19,66000
2011-10-20,59000
2011-10-21,60400
2011-10-24,63100
2011-10-25,62300
2011-10-26,63800
2011-10-27,66900
2011-10-28,66500
2011-10-31,65300
2011-11-01,63900
2011-11-02,62500
2011-11-03,60900
2011-11-04,64300
2011-11-07,63200
2011-11-08,63600
2011-11-09,65000
2011-11-10,60900
2011-11-11,64000
2011-11-14,65100
2011-11-15,63200
2011-11-16,61400
2011-11-17,62200
2011-11-18,60800
2011-11-21,58600
2011-11-22,58500
2011-11-23,56100
2011-11-24,56800
2011-11-25,57100
2011-11-28,57900
2011-11-29,59500
2011-11-30,58000
2011-12-01,61500
2011-12-02,61200
2011-12-05,61800
2011-12-06,61000
2011-12-07,61200
2011-12-08,60100
2011-12-09,58200
2011-12-12,58900
2011-12-13,56400
2011-12-14,55600
2011-12-15,53000
2011-12-16,53300
2011-12-19,50400
2011-12-20,50700
2011-12-21,52200
2011-12-22,51800
2011-12-23,52100
2011-12-26,51800
2011-12-27,51000
2011-12-28,49750
2011-12-29,50700
2012-01-02,51400
2012-01-03,53300
2012-01-04,53400
2012-01-05,53800
2012-01-06,53000
2012-01-09,52400
2012-01-10,53700
2012-01-11,52500
2012-01-12,53500
2012-01-13,52900
2012-01-16,52100
2012-01-17,53900
2012-01-18,56800
2012-01-19,57600
2012-01-20,59500
2012-01-25,58900
2012-01-26,60600
2012-01-27,61600
2012-01-30,61800
2012-01-31,62300
2012-02-01,64300
2012-02-02,66100
2012-02-03,69000
2012-02-06,68600
2012-02-07,68800
2012-02-08,71800
2012-02-09,73800
2012-02-10,73600
2012-02-13,71500
2012-02-14,69900
2012-02-15,70800
2012-02-16,68800
2012-02-17,68500
2012-02-20,68600
2012-02-21,68600
2012-02-22,69600
2012-02-23,68500
2012-02-24,66800
2012-02-27,63600
2012-02-28,64800
2012-02-29,64600
2012-03-02,65400
2012-03-05,64500
2012-03-06,63600
2012-03-07,63100
2012-03-08,64200
2012-03-09,63100
2012-03-12,62200
2012-03-13,64000
2012-03-14,63600
2012-03-15,62000
2012-03-16,63600
2012-03-19,63600
2012-03-20,65900
2012-03-21,64700
2012-03-22,63700
2012-03-23,65800
2012-03-26,64400
2012-03-27,64100
2012-03-28,63900
2012-03-29,62800
2012-03-30,64900
2012-04-02,64700
2012-04-03,65700
2012-04-04,64000
2012-04-05,63900
2012-04-06,64400
2012-04-09,64200
2012-04-10,65000
2012-04-12,66300
2012-04-13,69000
2012-04-16,69100
2012-04-17,67900
2012-04-18,67800
2012-04-19,66200
2012-04-20,64900
2012-04-23,64200
2012-04-24,63400
2012-04-25,63100
2012-04-26,61900
2012-04-27,60800
2012-04-30,59600
2012-05-02,62400
2012-05-03,62400
2012-05-04,62800
2012-05-07,59000
2012-05-08,60700
2012-05-09,59000
2012-05-10,59300
2012-05-11,57200
2012-05-14,57100
2012-05-15,55400
2012-05-16,54000
2012-05-17,55500
2012-05-18,54300
2012-05-21,53600
2012-05-22,54800
2012-05-23,53800
2012-05-24,53700
2012-05-25,55100
2012-05-29,56200
2012-05-30,55600
2012-05-31,55400
2012-06-01,54600
2012-06-04,51800
2012-06-05,52100
2012-06-07,53200
2012-06-08,52700
2012-06-11,55200
2012-06-12,54600
2012-06-13,53600
2012-06-14,54100
2012-06-15,55100
2012-06-18,56300
2012-06-19,56200
2012-06-20,56600
2012-06-21,55100
2012-06-22,53100
2012-06-25,52200
2012-06-26,51400
2012-06-27,50800
2012-06-28,50700
2012-06-29,52000
2012-07-02,52600
2012-07-03,54900
2012-07-04,54200
2012-07-05,55000
2012-07-06,54500
2012-07-09,53100
2012-07-10,52400
2012-07-11,52400
2012-07-12,51500
2012-07-13,53200
2012-07-16,53000
2012-07-17,53900
2012-07-18,52500
2012-07-19,53700
2012-07-20,54400
2012-07-23,53200
2012-07-24,53200
2012-07-25,52900
2012-07-26,53600
2012-07-27,55000
2012-07-30,55200
2012-07-31,57500
2012-08-01,57500
2012-08-02,59300
2012-08-03,59600
2012-08-06,61600
2012-08-07,61900
2012-08-08,63400
2012-08-09,64000
2012-08-10,63900
2012-08-13,62600
2012-08-14,64500
2012-08-16,65400
2012-08-17,65900
2012-08-20,65300
2012-08-21,64800
2012-08-22,65100
2012-08-23,66900
2012-08-24,66000
2012-08-27,67300
2012-08-28,66600
2012-08-29,66600
2012-08-30,65300
2012-08-31,65000
2012-09-03,66300
2012-09-04,67300
2012-09-05,66300
2012-09-06,65100
2012-09-07,67300
2012-09-10,67200
2012-09-11,67300
2012-09-12,68200
2012-09-13,67700
2012-09-14,69400
2012-09-17,68800
2012-09-18,69100
2012-09-19,68300
2012-09-20,66400
2012-09-21,66200
2012-09-24,66000
2012-09-25,65200
2012-09-26,65600
2012-09-27,67300
2012-09-28,66800
2012-10-02,66900
2012-10-04,65100
2012-10-05,65200
2012-10-08,64300
2012-10-09,64800
2012-10-10,65600
2012-10-11,65900
2012-10-12,65800
2012-10-15,64700
2012-10-16,65100
2012-10-17,67100
2012-10-18,68900
2012-10-19,68400
2012-10-22,68300
2012-10-23,67600
2012-10-24,67200
2012-10-25,66500
2012-10-26,65900
2012-10-29,65600
2012-10-30,67900
2012-10-31,68600
2012-11-01,69400
2012-11-02,71500
2012-11-05,71400
2012-11-06,74400
2012-11-07,74400
2012-11-08,74500
2012-11-09,75300
2012-11-12,72800
2012-11-13,72600
2012-11-14,71500
2012-11-15,71900
2012-11-16,69400
2012-11-19,72500
2012-11-20,72400
2012-11-21,70600
2012-11-22,71000
2012-11-23,70500
2012-11-26,70100
2012-11-27,71400
2012-11-28,70700
2012-11-29,71400
2012-11-30,71300
2012-12-03,72200
2012-12-04,71400
2012-12-05,71100
2012-12-06,71700
2012-12-07,70400
2012-12-10,70100
2012-12-11,71300
2012-12-12,72900
2012-12-13,73000
2012-12-14,73500
2012-12-17,72900
2012-12-18,72700
2012-12-20,73000
2012-12-21,72400
2012-12-24,71800
2012-12-26,71000
2012-12-27,71100
2012-12-28,72000
2013-01-02,75000
2013-01-03,75700
2013-01-04,74800
2013-01-07,74100
2013-01-08,72000
2013-01-09,71800
2013-01-10,71800
2013-01-11,72500
2013-01-14,70500
2013-01-15,69000
2013-01-16,69400
2013-01-17,70700
2013-01-18,67900
2013-01-21,70200
2013-01-22,70400
2013-01-23,69800
2013-01-24,69700
2013-01-25,68600
2013-01-28,69400
2013-01-29,69700
2013-01-30,71100
2013-01-31,71000
2013-02-01,69900
2013-02-04,69600
2013-02-05,69100
2013-02-06,69600
2013-02-07,69400
2013-02-08,68800
2013-02-12,68200
2013-02-13,70000
2013-02-14,70100
2013-02-15,69200
2013-02-18,68700
2013-02-19,68600
2013-02-20,69800
2013-02-21,69200
2013-02-22,69200
2013-02-25,69200
2013-02-26,68700
2013-02-27,68200
2013-02-28,69800
2013-03-04,67400
2013-03-05,66700
2013-03-06,66500
2013-03-07,65900
2013-03-08,65800
2013-03-11,66100
2013-03-12,66100
2013-03-13,66000
2013-03-14,64600
2013-03-15,64500
2013-03-18,63800
2013-03-19,64700
2013-03-20,63900
2013-03-21,63700
2013-03-22,63800
2013-03-25,64800
2013-03-26,64900
2013-03-27,65100
2013-03-28,64700
2013-03-29,64100
2013-04-01,64300
2013-04-02,63900
2013-04-03,61800
2013-04-04,60500
2013-04-05,58900
2013-04-08,58900
2013-04-09,58300
2013-04-10,59000
2013-04-11,57800
2013-04-12,54600
2013-04-15,53000
2013-04-16,52600
2013-04-17,53000
2013-04-18,53400
2013-04-19,54000
2013-04-22,52600
2013-04-23,51700
2013-04-24,53800
2013-04-25,55200
2013-04-26,54500
2013-04-29,52600
2013-04-30,54400
2013-05-02,53100
2013-05-03,53700
2013-05-06,55100
2013-05-07,55600
2013-05-08,55700
2013-05-09,57600
2013-05-10,56400
2013-05-13,56400
2013-05-14,57300
2013-05-15,58000
2013-05-16,58500
2013-05-20,58800
2013-05-21,58400
2013-05-22,57700
2013-05-23,55000
2013-05-24,53500
2013-05-27,53800
2013-05-28,54500
2013-05-29,55000
2013-05-30,54300
2013-05-31,55500
2013-06-03,56500
2013-06-04,56900
2013-06-05,56600
2013-06-07,56000
2013-06-10,55800
2013-06-11,55100
2013-06-12,54500
2013-06-13,53600
2013-06-14,54200
2013-06-17,53200
2013-06-18,52200
2013-06-19,51700
2013-06-20,50500
2013-06-21,49200
2013-06-24,49700
2013-06-25,49900
2013-06-26,49950
2013-06-27,50700
2013-06-28,51400
2013-07-01,50800
2013-07-02,50500
2013-07-03,49750
2013-07-04,50700
2013-07-05,51500
2013-07-08,50500
2013-07-09,50900
2013-07-10,50800
2013-07-11,53700
2013-07-12,53300
2013-07-15,54400
2013-07-16,54300
2013-07-17,54700
2013-07-18,54700
2013-07-19,55500
2013-07-22,56300
2013-07-23,56300
2013-07-24,55600
2013-07-25,55200
2013-07-26,56200
2013-07-29,55900
2013-07-30,56200
2013-07-31,55200
2013-08-01,55500
2013-08-02,55500
2013-08-05,55100
2013-08-06,53800
2013-08-07,53300
2013-08-08,53100
2013-08-09,52600
2013-08-12,52500
2013-08-13,53600
2013-08-14,56400
2013-08-16,56300
2013-08-19,56600
2013-08-20,55000
2013-08-21,54400
2013-08-22,54000
2013-08-23,54700
2013-08-26,55600
2013-08-27,55500
2013-08-28,55500
2013-08-29,56100
2013-08-30,56700
2013-09-02,56500
2013-09-03,56600
2013-09-04,55600
2013-09-05,56600
2013-09-06,57400
2013-09-09,59000
2013-09-10,58700
2013-09-11,58600
2013-09-12,58100
2013-09-13,57500
2013-09-16,58100
2013-09-17,57700
2013-09-23,58800
2013-09-24,57800
2013-09-25,57000
2013-09-26,57100
2013-09-27,57200
2013-09-30,56400
2013-10-01,56200
2013-10-02,56100
2013-10-04,55600
2013-10-07,55200
2013-10-08,56400
2013-10-10,55500
2013-10-11,57000
2013-10-14,58500
2013-10-15,59100
2013-10-16,59300
2013-10-17,59200
2013-10-18,59500
2013-10-21,60300
2013-10-22,60500
2013-10-23,59000
2013-10-24,59400
2013-10-25,58600
2013-10-28,59000
2013-10-29,59300
2013-10-30,59300
2013-10-31,58500
2013-11-01,58300
2013-11-04,57800
2013-11-05,57500
2013-11-06,56800
2013-11-07,56900
2013-11-08,56700
2013-11-11,56200
2013-11-12,56300
2013-11-13,55200
2013-11-14,54500
2013-11-15,54800
2013-11-18,55400
2013-11-19,56600
2013-11-20,55400
2013-11-21,54500
2013-11-22,54500
2013-11-25,55100
2013-11-26,55200
2013-11-27,55300
2013-11-28,55900
2013-11-29,56600
2013-12-02,56400
2013-12-03,55900
2013-12-04,55000
2013-12-05,54900
2013-12-06,55100
2013-12-09,55600
2013-12-10,55000
2013-12-11,55000
2013-12-12,54700
2013-12-13,54800
2013-12-16,54300
2013-12-17,54300
2013-12-18,54600
2013-12-19,54600
2013-12-20,54500
2013-12-23,55100
2013-12-24,56400
2013-12-26,56700
2013-12-27,56800
2013-12-30,57300
2014-01-02,56400
2014-01-03,55700
2014-01-06,55500
2014-01-07,55100
2014-01-08,54300
2014-01-09,54000
2014-01-10,53300
2014-01-13,53400
2014-01-14,53000
2014-01-15,53200
2014-01-16,53100
2014-01-17,53000
2014-01-20,53000
2014-01-21,53400
2014-01-22,53400
2014-01-23,53000
2014-01-24,53100
2014-01-27,52200
2014-01-28,51900
2014-01-29,51300
2014-02-03,50800
2014-02-04,50000
2014-02-05,49800
2014-02-06,49900
2014-02-07,47900
2014-02-10,48350
2014-02-11,49000
2014-02-12,49050
2014-02-13,49400
2014-02-14,49600
2014-02-17,49850
2014-02-18,49900
2014-02-19,49800
2014-02-20,49950
2014-02-21,50200
2014-02-24,49800
2014-02-25,50100
2014-02-26,50100
2014-02-27,49550
2014-02-28,49550
2014-03-03,49150
2014-03-04,48850
2014-03-05,49250
2014-03-06,49550
2014-03-07,50200
2014-03-10,49700
2014-03-11,49600
2014-03-12,49650
2014-03-13,49400
2014-03-14,49750
2014-03-17,49750
2014-03-18,49700
2014-03-19,49150
2014-03-20,47200
2014-03-21,47100
2014-03-24,47250
2014-03-25,48150
2014-03-26,48000
2014-03-27,47400
2014-03-28,48000
2014-03-31,48200
2014-04-01,48400
2014-04-02,48550
2014-04-03,48350
2014-04-04,48350
2014-04-07,48650
2014-04-08,49000
2014-04-09,49900
2014-04-10,50100
2014-04-11,49950
2014-04-14,49850
2014-04-15,49350
2014-04-16,49300
2014-04-17,49600
2014-04-18,49600
2014-04-21,49450
2014-04-22,49450
2014-04-23,49350
2014-04-24,48700
2014-04-25,48450
2014-04-28,48250
2014-04-29,48300
2014-04-30,48100
2014-05-02,48400
2014-05-07,47800
2014-05-08,46800
2014-05-09,45000
2014-05-12,44650
2014-05-13,45100
2014-05-14,45350
2014-05-15,45300
2014-05-16,45550
2014-05-19,46100
2014-05-20,45450
2014-05-21,45500
2014-05-22,45750
2014-05-23,45450
2014-05-26,45450
2014-05-27,45700
2014-05-28,45500
2014-05-29,44100
2014-05-30,43350
2014-06-02,43250
2014-06-03,42950
2014-06-05,42250
2014-06-09,42450
2014-06-10,42900
2014-06-11,42650
2014-06-12,42350
2014-06-13,42500
2014-06-16,43200
2014-06-17,42900
2014-06-18,42650
2014-06-19,42500
2014-06-20,41600
2014-06-23,42100
2014-06-24,43000
2014-06-25,43900
2014-06-26,44300
2014-06-27,44250
2014-06-30,45100
2014-07-01,45150
2014-07-02,45500
2014-07-03,44800
2014-07-04,44250
2014-07-07,43850
2014-07-08,44150
2014-07-09,44100
2014-07-10,43800
2014-07-11,43700
2014-07-14,44000
2014-07-15,44350
2014-07-16,44450
2014-07-17,45050
2014-07-18,44800
2014-07-21,44700
2014-07-22,45150
2014-07-23,45350
2014-07-24,45850
2014-07-25,45500
2014-07-28,45700
2014-07-29,46800
2014-07-30,46850
2014-07-31,47150
2014-08-01,47500
2014-08-04,47300
2014-08-05,46600
2014-08-06,46400
2014-08-07,45900
2014-08-08,45650
2014-08-11,45850
2014-08-12,45900
2014-08-13,45100
2014-08-14,44750
2014-08-18,44450
2014-08-19,44000
2014-08-20,43600
2014-08-21,43000
2014-08-22,43200
2014-08-25,43100
2014-08-26,43100
2014-08-27,43350
2014-08-28,43350
2014-08-29,43050
2014-09-01,43100
2014-09-02,42500
2014-09-03,42000
2014-09-04,42550
2014-09-05,42850
2014-09-11,41500
2014-09-12,42000
2014-09-15,42200
2014-09-16,42250
2014-09-17,42700
2014-09-18,42600
2014-09-19,42200
2014-09-22,41950
2014-09-23,41700
2014-09-24,41100
2014-09-25,41200
2014-09-26,41000
2014-09-29,40500
2014-09-30,40300
2014-10-01,40200
2014-10-02,39300
2014-10-06,39950
2014-10-07,39400
2014-10-08,39850
2014-10-10,39600
2014-10-13,40200
2014-10-14,40500
2014-10-15,40200
2014-10-16,39850
2014-10-17,40150
2014-10-20,40500
2014-10-21,40450
2014-10-22,41000
2014-10-23,41050
2014-10-24,41000
2014-10-27,41700
2014-10-28,41200
2014-10-29,42200
2014-10-30,42000
2014-10-31,41450
2014-11-03,40900
2014-11-04,39850
2014-11-05,40200
2014-11-06,40400
2014-11-07,40300
2014-11-10,40200
2014-11-11,40000
2014-11-12,40600
2014-11-13,40500
2014-11-14,40050
2014-11-17,41650
2014-11-18,41550
2014-11-19,41600
2014-11-20,41500
2014-11-21,41750
2014-11-24,43800
2014-11-25,43600
2014-11-26,43200
2014-11-27,42400
2014-11-28,41600
2014-12-01,40750
2014-12-02,40950
2014-12-03,41150
2014-12-04,41350
2014-12-05,41300
2014-12-08,41000
2014-12-09,40850
2014-12-10,40150
2014-12-11,39750
2014-12-12,39500
2014-12-15,39850
2014-12-16,39900
2014-12-17,40250
2014-12-18,40250
2014-12-19,40450
2014-12-22,41250
2014-12-23,41000
2014-12-24,41450
2014-12-26,41450
2014-12-29,40200
2014-12-30,40000
2015-01-02,39850
2015-01-05,39100
2015-01-06,38350
2015-01-07,37800
2015-01-08,37900
2015-01-09,38150
2015-01-12,38200
2015-01-13,38450
2015-01-14,38400
2015-01-15,38300
2015-01-16,37700
2015-01-19,39050
2015-01-20,39500
2015-01-21,39350
2015-01-22,39850
2015-01-23,40450
2015-01-26,40400
2015-01-27,41450
2015-01-28,41550
2015-01-29,41550
2015-01-30,41700
2015-02-02,42250
2015-02-03,42400
2015-02-04,42500
2015-02-05,42200
2015-02-06,42350
2015-02-09,42250
2015-02-10,42250
2015-02-11,42300
2015-02-12,42100
2015-02-13,42300
2015-02-16,42350
2015-02-17,42350
2015-02-23,43100
2015-02-24,43300
2015-02-25,44550
2015-02-26,45050
2015-02-27,44250
2015-03-02,44150
2015-03-03,44350
2015-03-04,43650
2015-03-05,43800
2015-03-06,44050
2015-03-09,43550
2015-03-10,43400
2015-03-11,42700
2015-03-12,42200
2015-03-13,41850
2015-03-16,41250
2015-03-17,41850
2015-03-18,41550
2015-03-19,41900
2015-03-20,41650
2015-03-23,41850
2015-03-24,42300
2015-03-25,41800
2015-03-26,42000
2015-03-27,42600
2015-03-30,42050
2015-03-31,42900
2015-04-01,43000
2015-04-02,44700
2015-04-03,44250
2015-04-06,43350
2015-04-07,43700
2015-04-08,45250
2015-04-09,44200
2015-04-10,44000
2015-04-13,43900
2015-04-14,45100
2015-04-15,45000
2015-04-16,45100
2015-04-17,44200
2015-04-20,44400
2015-04-21,45450
2015-04-22,46800
2015-04-23,49150
2015-04-24,49300
2015-04-27,48950
2015-04-28,49700
2015-04-29,49800
2015-04-30,50200
2015-05-04,49400
2015-05-06,49650
2015-05-07,49400
2015-05-08,49550
2015-05-11,49350
2015-05-12,49650
2015-05-13,51400
2015-05-14,51000
2015-05-15,49950
2015-05-18,49650
2015-05-19,50200
2015-05-20,49900
2015-05-21,50000
2015-05-22,51000
2015-05-26,51300
2015-05-27,50600
2015-05-28,50600
2015-05-29,49600
2015-06-01,49600
2015-06-02,48600
2015-06-03,48300
2015-06-04,47450
2015-06-05,46550
2015-06-08,47350
2015-06-09,48300
2015-06-10,48550
2015-06-11,48850
2015-06-12,48550
2015-06-15,48750
2015-06-16,49300
2015-06-17,49600
2015-06-18,50500
2015-06-19,50500
2015-06-22,50400
2015-06-23,50100
2015-06-24,51000
2015-06-25,50800
2015-06-26,50800
2015-06-29,49550
2015-06-30,49750
2015-07-01,50500
2015-07-02,50800
2015-07-03,51600
2015-07-06,50400
2015-07-07,49850
2015-07-08,47500
2015-07-09,47250
2015-07-10,48700
2015-07-13,49200
2015-07-14,48650
2015-07-15,48450
2015-07-16,48750
2015-07-17,48700
2015-07-20,48700
2015-07-21,48800
2015-07-22,47950
2015-07-23,47100
2015-07-24,46350
2015-07-27,45650
2015-07-28,44950
2015-07-29,44850
2015-07-30,45200
2015-07-31,45400
2015-08-03,43900
2015-08-04,44150
2015-08-05,44700
2015-08-06,44550
2015-08-07,44450
2015-08-10,43950
2015-08-11,43700
2015-08-12,43550
2015-08-13,44300
2015-08-17,44350
2015-08-18,45700
2015-08-19,46350
2015-08-20,45950
2015-08-21,45350
2015-08-24,44750
2015-08-25,43900
2015-08-26,44600
2015-08-27,44200
2015-08-28,46400
2015-08-31,46450
2015-09-01,46000
2015-09-02,45600
2015-09-03,45400
2015-09-04,44700
2015-09-07,44550
2015-09-08,44250
2015-09-09,45500
2015-09-10,46450
2015-09-11,46550
2015-09-14,46650
2015-09-15,46500
2015-09-16,48750
2015-09-17,48000
2015-09-18,47200
2015-09-21,46450
2015-09-22,46650
2015-09-23,45700
2015-09-24,45500
2015-09-25,44950
2015-09-30,45550
2015-10-01,47450
2015-10-02,46950
2015-10-05,48200
2015-10-06,48900
2015-10-07,49000
2015-10-08,49150
2015-10-12,49500
2015-10-13,48900
2015-10-14,48750
2015-10-15,49900
2015-10-16,49150
2015-10-19,49050
2015-10-20,48950
2015-10-21,49550
2015-10-22,48250
2015-10-23,50800
2015-10-26,49800
2015-10-27,49150
2015-10-28,49450
2015-10-29,49650
2015-10-30,50200
2015-11-02,49050
2015-11-03,50400
2015-11-04,52300
2015-11-05,52400
2015-11-06,51900
2015-11-09,51800
2015-11-10,51500
2015-11-11,50800
2015-11-12,50700
2015-11-13,49000
2015-11-16,49200
2015-11-17,49400
2015-11-18,49350
2015-11-19,51000
2015-11-20,51000
2015-11-23,50700
2015-11-24,51000
2015-11-25,51000
2015-11-26,51500
2015-11-27,51800
2015-11-30,50500
2015-12-01,51700
2015-12-02,51200
2015-12-03,50700
2015-12-04,49750
2015-12-07,50100
2015-12-08,49750
2015-12-09,49450
2015-12-10,49750
2015-12-11,50400
2015-12-14,49600
2015-12-15,48850
2015-12-16,50800
2015-12-17,51300
2015-12-18,50700
2015-12-21,51400
2015-12-22,52000
2015-12-23,51700
2015-12-24,51700
2015-12-28,51300
2015-12-29,50700
2015-12-30,50700
2016-01-04,49100
2016-01-05,49600
2016-01-06,47600
2016-01-07,46950
2016-01-08,49400
2016-01-11,48300
2016-01-12,49300
2016-01-13,49450
2016-01-14,48950
2016-01-15,48000
2016-01-18,47550
2016-01-19,47450
2016-01-20,47200
2016-01-21,47850
2016-01-22,48800
2016-01-25,49050
2016-01-26,48950
2016-01-27,48350
2016-01-28,49300
2016-01-29,50400
2016-02-01,51200
2016-02-02,49850
2016-02-03,49700
2016-02-04,53000
2016-02-05,52100
2016-02-11,50600
2016-02-12,49500
2016-02-15,49950
2016-02-16,50500
2016-02-17,50600
2016-02-18,50900
2016-02-19,50600
2016-02-22,50400
2016-02-23,52800
2016-02-24,53500
2016-02-25,53900
2016-02-26,53300
2016-02-29,53000
2016-03-02,55100
2016-03-03,55000
2016-03-04,54200
2016-03-07,54600
2016-03-08,53900
2016-03-09,53000
2016-03-10,53700
2016-03-11,53100
2016-03-14,53300
2016-03-15,53100
2016-03-16,52200
2016-03-17,53800
2016-03-18,53400
2016-03-21,54000
2016-03-22,53200
2016-03-23,55000
2016-03-24,54800
2016-03-25,55200
2016-03-28,55400
2016-03-29,57400
2016-03-30,58400
2016-03-31,59000
2016-04-01,57700
2016-04-04,57800
2016-04-05,57100
2016-04-06,58400
2016-04-07,58800
2016-04-08,58400
2016-04-11,58800
2016-04-12,59100
2016-04-14,59900
2016-04-15,57800
2016-04-18,58000
2016-04-19,57600
2016-04-20,55900
2016-04-21,57600
2016-04-22,56500
2016-04-25,56900
2016-04-26,55800
2016-04-27,56200
2016-04-28,56100
2016-04-29,55300
2016-05-02,55000
2016-05-03,55300
2016-05-04,52800
2016-05-09,52900
2016-05-10,53400
2016-05-11,53500
2016-05-12,53000
2016-05-13,51600
2016-05-16,51600
2016-05-17,51800
2016-05-18,51200
2016-05-19,50800
2016-05-20,50500
2016-05-23,51300
2016-05-24,50800
2016-05-25,51600
2016-05-26,51900
2016-05-27,52900
2016-05-30,52700
2016-05-31,52400
2016-06-01,51500
2016-06-02,51400
2016-06-03,51000
2016-06-07,52800
2016-06-08,52200
2016-06-09,51000
2016-06-10,51300
2016-06-13,51700
2016-06-14,50700
2016-06-15,49350
2016-06-16,49000
2016-06-17,49000
2016-06-20,49150
2016-06-21,48250
2016-06-22,49750
2016-06-23,49000
2016-06-24,47500
2016-06-27,47800
2016-06-28,47150
2016-06-29,47850
2016-06-30,47450
2016-07-01,48450
2016-07-04,49350
2016-07-05,48050
2016-07-06,47100
2016-07-07,47650
2016-07-08,47350
2016-07-11,48050
2016-07-12,48350
2016-07-13,47850
2016-07-14,49800
2016-07-15,50000
2016-07-18,50000
2016-07-19,49550
2016-07-20,49650
2016-07-21,49250
2016-07-22,49200
2016-07-25,49250
2016-07-26,48800
2016-07-27,48700
2016-07-28,48050
2016-07-29,48100
2016-08-01,48300
2016-08-02,47400
2016-08-03,47250
2016-08-04,48050
2016-08-05,48300
2016-08-08,48400
2016-08-09,48650
2016-08-10,48650
2016-08-11,49100
2016-08-12,49750
2016-08-16,49450
2016-08-17,50100
2016-08-18,50100
2016-08-19,50900
2016-08-22,50500
2016-08-23,49150
2016-08-24,49500
2016-08-25,50400
2016-08-26,50400
2016-08-29,49350
2016-08-30,49450
2016-08-31,49400
2016-09-01,49900
2016-09-02,49700
2016-09-05,50200
2016-09-06,50400
2016-09-07,50600
2016-09-08,51700
2016-09-09,51300
2016-09-12,50600
2016-09-13,51500
2016-09-19,50800
2016-09-20,50100
2016-09-21,51700
2016-09-22,51400
2016-09-23,52700
2016-09-26,53200
2016-09-27,53600
2016-09-28,52600
2016-09-29,53500
2016-09-30,53500
2016-10-04,52400
2016-10-05,52500
2016-10-06,51500
2016-10-07,52000
2016-10-10,52600
2016-10-11,53300
2016-10-12,52300
2016-10-13,52300
2016-10-14,51900
2016-10-17,51700
2016-10-18,52800
2016-10-19,52300
2016-10-20,52900
2016-10-21,51800
2016-10-24,52600
2016-10-25,52800
2016-10-26,51400
2016-10-27,51800
2016-10-28,51900
2016-10-31,51100
2016-11-01,52300
2016-11-02,53800
2016-11-03,53400
2016-11-04,53800
2016-11-07,53700
2016-11-08,53700
2016-11-09,53800
2016-11-10,54500
2016-11-11,54400
2016-11-14,55000
2016-11-15,54800
2016-11-16,55000
2016-11-17,54600
2016-11-18,54600
2016-11-21,54100
2016-11-22,55500
2016-11-23,55900
2016-11-24,55800
2016-11-25,55500
2016-11-28,55400
2016-11-29,55200
2016-11-30,54400
2016-12-01,54700
2016-12-02,54700
2016-12-05,54700
2016-12-06,55100
2016-12-07,55000
2016-12-08,56200
2016-12-09,55600
2016-12-12,55600
2016-12-13,55100
2016-12-14,54700
2016-12-15,54800
2016-12-16,54600
2016-12-19,54200
2016-12-20,53700
2016-12-21,53600
2016-12-22,53800
2016-12-23,53600
2016-12-26,54200
2016-12-27,54400
2016-12-28,53800
2016-12-29,54100
2017-01-02,54300
2017-01-03,54600
2017-01-04,53600
2017-01-05,53200
2017-01-06,53800
2017-01-09,53200
2017-01-10,52600
2017-01-11,53100
2017-01-12,53600
2017-01-13,54200
2017-01-16,54100
2017-01-17,54500
2017-01-18,53800
2017-01-19,53200
2017-01-20,52800
2017-01-23,51900
2017-01-24,52000
2017-01-25,51400
2017-01-26,51400
2017-01-31,51000
2017-02-01,51700
2017-02-02,51700
2017-02-03,51000
2017-02-06,50900
2017-02-07,51300
2017-02-08,52000
2017-02-09,50900
2017-02-10,53800
2017-02-13,54200
2017-02-14,54900
2017-02-15,55700
2017-02-16,55000
2017-02-17,54700
2017-02-20,54500
2017-02-21,55000
2017-02-22,54200
2017-02-23,53900
2017-02-24,54000
2017-02-27,54300
2017-02-28,55500
2017-03-02,55600
2017-03-03,55000
2017-03-06,53900
2017-03-07,54200
2017-03-08,54100
2017-03-09,53700
2017-03-10,54200
2017-03-13,54000
2017-03-14,54600
2017-03-15,54800
2017-03-16,55200
2017-03-17,56300
2017-03-20,55900
2017-03-21,56800
2017-03-22,55700
2017-03-23,56100
2017-03-24,56900
2017-03-27,56400
2017-03-28,56900
2017-03-29,56900
2017-03-30,57800
2017-03-31,59100
2017-04-03,58100
2017-04-04,57300
2017-04-05,56800
2017-04-06,57300
2017-04-07,57400
2017-04-10,57100
2017-04-11,58000
2017-04-12,58200
2017-04-13,58200
2017-04-14,57200
2017-04-17,57300
2017-04-18,58000
2017-04-19,58900
2017-04-20,58000
2017-04-21,57600
2017-04-24,58300
2017-04-25,59800
2017-04-26,59800
2017-04-27,60600
2017-04-28,59300
2017-05-02,59200
2017-05-04,59100
2017-05-08,59100
2017-05-10,58700
2017-05-11,59800
2017-05-12,62000
2017-05-15,62700
2017-05-16,64800
2017-05-17,63400
2017-05-18,64800
2017-05-19,65000
2017-05-22,67700
2017-05-23,69100
2017-05-24,68800
2017-05-25,71600
2017-05-26,72000
2017-05-29,73100
2017-05-30,73500
2017-05-31,72900
2017-06-01,73200
2017-06-02,73800
2017-06-05,73200
2017-06-07,72800
2017-06-08,70200
2017-06-09,70800
2017-06-12,70000
2017-06-13,69900
2017-06-14,68800
2017-06-15,67100
2017-06-16,66800
2017-06-19,66600
2017-06-20,65600
2017-06-21,67300
2017-06-22,66800
2017-06-23,67000
2017-06-26,65800
2017-06-27,67500
2017-06-28,68300
2017-06-29,68000
2017-06-30,68200
2017-07-03,69700
2017-07-04,68800
2017-07-05,68400
2017-07-06,68000
2017-07-07,69200
2017-07-10,69500
2017-07-11,71400
2017-07-12,71300
2017-07-13,70600
2017-07-14,73000
2017-07-17,73400
2017-07-18,72000
2017-07-19,72200
2017-07-20,73400
2017-07-21,73100
2017-07-24,73000
2017-07-25,72600
2017-07-26,74900
2017-07-27,73500
2017-07-28,73900
2017-07-31,75400
2017-08-01,76700
2017-08-02,76000
2017-08-03,73500
2017-08-04,74800
2017-08-07,74400
2017-08-08,75100
2017-08-09,75000
2017-08-10,72700
2017-08-11,72600
2017-08-14,70600
2017-08-16,67400
2017-08-17,68000
2017-08-18,68000
2017-08-21,69600
2017-08-22,69500
2017-08-23,68600
2017-08-24,68000
2017-08-25,68100
2017-08-28,68800
2017-08-29,69100
2017-08-30,69900
2017-08-31,70600
2017-09-01,68800
2017-09-04,67700
2017-09-05,66700
2017-09-06,66000
2017-09-07,66000
2017-09-08,66700
2017-09-11,67700
2017-09-12,67400
2017-09-13,67000
2017-09-14,66000
2017-09-15,67100
2017-09-18,66000
2017-09-19,65400
2017-09-20,66100
2017-09-21,66400
2017-09-22,64600
2017-09-25,64000
2017-09-26,65500
2017-09-27,65800
2017-09-28,64600
2017-09-29,65600
2017-10-10,67900
2017-10-11,65800
2017-10-12,66800
2017-10-13,67200
2017-10-16,66100
2017-10-17,65800
2017-10-18,66700
2017-10-19,68300
2017-10-20,68300
2017-10-23,68000
2017-10-24,68200
2017-10-25,67300
2017-10-26,66100
2017-10-27,66300
2017-10-30,67800
2017-10-31,66200
2017-11-01,66400
2017-11-02,65700
2017-11-03,65600
2017-11-06,65800
2017-11-07,68000
2017-11-08,66800
2017-11-09,67800
2017-11-10,66300
2017-11-13,64000
2017-11-14,62500
2017-11-15,59700
2017-11-16,60300
2017-11-17,60200
2017-11-20,60500
2017-11-21,60300
2017-11-22,60400
2017-11-23,61000
2017-11-24,60500
2017-11-27,60600
2017-11-28,60500
2017-11-29,61200
2017-11-30,61100
2017-12-01,60700
2017-12-04,60900
2017-12-05,60200
2017-12-06,60400
2017-12-07,60400
2017-12-08,60200
2017-12-11,59500
2017-12-12,59800
2017-12-13,60900
2017-12-14,59800
2017-12-15,61700
2017-12-18,61400
2017-12-19,61500
2017-12-20,61600
2017-12-21,61800
2017-12-22,62100
2017-12-26,62400
2017-12-27,61800
2017-12-28,62200
2018-01-02,62500
2018-01-03,61300
2018-01-04,62000
2018-01-05,62200
2018-01-08,61800
2018-01-09,62300
2018-01-10,65300
2018-01-11,64000
2018-01-12,64800
2018-01-15,66800
2018-01-16,66800
2018-01-17,65700
2018-01-18,63600
2018-01-19,64600
2018-01-22,65800
2018-01-23,66300
2018-01-24,66500
2018-01-25,67600
